{
  "PMC2094709_004_00.png": 1.0,
  "PMC2871264_002_00.png": 1.0,
  "PMC2915972_003_00.png": 0.9298260149130074,
  "PMC3160368_005_00.png": 0.994615695248351,
  "PMC3568059_003_00.png": 0.9609420535891124,
  "PMC3707453_006_00.png": 0.8538903625110521,
  "PMC3765162_003_01.png": 0.9867342100509474,
  "PMC3872294_001_00.png": 0.9863636363636363,
  "PMC4196076_004_00.png": 0.9958653089334908,
  "PMC4219599_004_00.png": 0.6029978075326913,
  "PMC4297392_007_00.png": 0.8070175438596492,
  "PMC4311460_007_00.png": 0.6576923076923077,
  "PMC4357206_002_00.png": 0.9295181638546892,
  "PMC4445578_009_01.png": 0.6754965084868096,
  "PMC4969833_016_01.png": 1.0,
  "PMC5303243_003_00.png": 0.6494374120956399,
  "PMC5451934_004_00.png": 0.9978213507625272,
  "PMC5755158_010_01.png": 1.0,
  "PMC5849724_006_00.png": 0.9653439200120101,
  "PMC6022086_007_00.png": 1.0
}
